"Bigram_Frequency","Conc_initial","Conc_trailing","Freq_initial","Freq_trailing","Group","Initial","LR_Diversity","Letters_initial","Letters_ttrailing","POS_initial","POS_trailing","Phonemes_initial","Phonemes_trailing","Syll_initial","Syll_trailing","Trailing","W_NW","accuracy","correct","correct_response","response_time"
"NA","NA","NA","NA","NA","NA","NA","NA","NA","NA","NA","NA","NA","NA","NA","NA","NA","NA","0","0","[nonword_response]","3000"
"NA","NA","NA","NA","NA","NA","NA","NA","NA","NA","NA","NA","NA","NA","NA","NA","NA","NA","0","0","[word_response]","1781"
"NA","NA","NA","NA","NA","NA","NA","NA","NA","NA","NA","NA","NA","NA","NA","NA","NA","NA","33.3333333333","1","[nonword_response]","877"
"NA","NA","NA","NA","NA","NA","NA","NA","NA","NA","NA","NA","NA","NA","NA","NA","NA","NA","50","1","[word_response]","496"
"NA","NA","NA","NA","NA","NA","NA","NA","NA","NA","NA","NA","NA","NA","NA","NA","NA","NA","60","1","[word_response]","841"
"NA","NA","NA","NA","NA","NA","NA","NA","NA","NA","NA","NA","NA","NA","NA","NA","NA","NA","66.6666666667","1","[nonword_response]","465"
"","","","","","0","shot","","","","","","","","","","daed","nw","71.4285714286","1","[nonword_response]","619"
"","","","","","0","inner","","","","","","","","","","ctiy","nw","75","1","[nonword_response]","520"
"466","3.43","3.37","46.52","98.77","1","index","52","5","6","Noun","Verb","6","5","2","1","closed","w","77.7777777778","1","[word_response]","499"
"","","","","","0","always","","","","","","","","","","steret","nw","80","1","[nonword_response]","522"
"4530","2.67","1.73","794.81","245.95","1","make","376","4","4","Verb","Adjective","3","3","1","1","sure","w","81.8181818182","1","[word_response]","451"
"0","","3.08","0.14","199.81","3","stippled ","#N/A","9","5","Verb","Noun","","4","2","1","trade","w","83.3333333333","1","[word_response]","443"
"","","","","","0","case","","","","","","","","","","unoin","nw","84.6153846154","1","[nonword_response]","493"
"","","","","","0","really","","","","","","","","","","rian","nw","85.7142857143","1","[nonword_response]","562"
"","","","","","0","hoax","","","","","","","","","","laeyr","nw","80","0","[nonword_response]","457"
"","","","","","0","bloody","","","","","","","","","","hlel","nw","81.25","1","[nonword_response]","418"
"0","3.64","2.35","32.48","187.78","3","cycle","44","5","8","Verb","Noun","","7","2","2","language","w","82.3529411765","1","[word_response]","528"
"535","4.08","2.41","72.32","53.15","1","bloody","75","6","4","Adjective","Noun","5","3","2","1","hell","w","83.3333333333","1","[word_response]","694"
"0","2.17","4.22","0.05","0.75","3","rethinks","#N/A","8","5","Verb","Adjective","","","2","2","scaly","w","78.9473684211","0","[word_response]","558"
"2745","3.06","3.22","121.31","204.27","1","wide","115","4","5","Adjective","Noun","3","4","1","1","range","w","80","1","[word_response]","483"
"","","","","","0","many","","","","","","","","","","dnoe","nw","80.9523809524","1","[nonword_response]","476"
"","","","","","0","building","","","","","","","","","","abvoe","nw","81.8181818182","1","[nonword_response]","467"
"","","","","","0","faith","","","","","","","","","","acorss","nw","78.2608695652","0","[nonword_response]","479"
"10","1.8","3.08","276.11","158.91","2","interest","149","8","7","Noun","Noun","7","5","3","2","account","w","79.1666666667","1","[word_response]","485"
"0","4.36","2.53","0.07","489.23","3","gunboat","#N/A","7","5","Noun","Verb","","4","2","1","found","w","80","1","[word_response]","607"
"1815","4.14","3.32","151.14","97.9","1","award","50","5","5","Noun","Noun","5","5","2","2","title","w","80.7692307692","1","[word_response]","448"
"5568","2.04","4.72","1421.4","353.52","1","other","1749","5","4","Adjective","Noun","3","4","2","1","hand","w","81.4814814815","1","[word_response]","386"
"0","2","4.75","0.05","196.14","3","vexes","#N/A","5","6","Verb","Noun","","5","2","1","street","w","82.1428571429","1","[word_response]","370"
"","","","","","0","credit","","","","","","","","","","crad","nw","82.7586206897","1","[nonword_response]","287"
"","","","","","0","last","","","","","","","","","","nihgt","nw","83.3333333333","1","[nonword_response]","456"
"","","","","","0","before","","","","","","","","","","grwoth","nw","83.8709677419","1","[nonword_response]","617"
"","","","","","0","daily","","","","","","","","","","psot","nw","84.375","1","[nonword_response]","478"
"","","","","","0","index","","","","","","","","","","clsoed","nw","81.8181818182","0","[nonword_response]","431"
"","","","","","0","award","","","","","","","","","","tilte","nw","82.3529411765","1","[nonword_response]","492"
"","","","","","0","slug","","","","","","","","","","acecss","nw","82.8571428571","1","[nonword_response]","675"
"0","2.94","3.61","172.76","186.52","3","systems","154","7","5","Noun","Adjective","","","2","1","short","w","83.3333333333","1","[word_response]","498"
"","","","","","0","geese","","","","","","","","","","stlye","nw","83.7837837838","1","[nonword_response]","508"
"","","","","","0","gunboat","","","","","","","","","","absnece","nw","84.2105263158","1","[nonword_response]","429"
"0","2.72","3.68","1.22","0.77","3","trillion","#N/A","8","5","Noun","Verb","","","2","1","droop","w","82.0512820513","0","[word_response]","582"
"","","","","","0","cash","","","","","","","","","","folw","nw","82.5","1","[nonword_response]","435"
"0","","3.3","0.06","493.85","3","abase","#N/A","5","6","Verb","Noun","","5","2","2","number","w","82.9268292683","1","[word_response]","489"
"","","","","","0","abase","","","","","","","","","","clal","nw","83.3333333333","1","[nonword_response]","422"
"","","","","","0","date","","","","","","","","","","awrad","nw","83.7209302326","1","[nonword_response]","415"
"10","1.96","2.22","882.75","68.51","2","before","517","6","6","Conjunction","Adjective","5","5","2","2","actual","w","81.8181818182","0","[word_response]","344"
"10","3.07","3.07","1549.81","252.03","2","time","569","4","6","Noun","Preposition","3","5","1","2","across","w","82.2222222222","1","[word_response]","502"
"","","","","","0","trillion","","","","","","","","","","accuont","nw","82.6086956522","1","[nonword_response]","630"
"10","2.22","2.31","9.91","57.8","2","enforced","11","8","7","Verb","Noun","7","6","2","2","absence","w","82.9787234043","1","[word_response]","598"
"","","","","","0","make","","","","","","","","","","srue","nw","83.3333333333","1","[nonword_response]","535"
"","","","","","0","other","","","","","","","","","","hnad","nw","83.6734693878","1","[nonword_response]","394"
"10","2.7","2.35","0.22","187.78","2","markup","1","6","8","Noun","Noun","6","7","2","2","language","w","82","0","[word_response]","450"
"0","4.64","","2.13","0.89","3","slug","3","4","4","Noun","Verb","","","1","1","gags","w","80.3921568627","0","[word_response]","366"
"10","3.04","2.71","463.63","109.4","2","local","568","5","6","Adjective","Noun","5","5","2","2","access","w","80.7692307692","1","[word_response]","479"
"512","3.15","4.3","76.29","93.39","1","daily","74","5","4","Adjective","Noun","4","4","2","1","post","w","81.1320754717","1","[word_response]","439"
"10","2.37","3.32","896.6","72.9","2","many","975","4","6","Determiner","Adjective","4","5","2","2","active","w","81.4814814815","1","[word_response]","382"
"","","","","","0","rustic","","","","","","","","","","thnig","nw","81.8181818182","1","[nonword_response]","475"
"1769","3.3","3.27","414.54","297.82","1","second","498","6","4","Noun","Determiner","6","3","2","1","half","w","82.1428571429","1","[word_response]","493"
"8465","3.04","4.52","721.82","365.29","1","last","473","4","5","Number","Noun","4","3","1","1","night","w","82.4561403509","1","[word_response]","470"
"","","","","","0","interest","","","","","","","","","","aicd","nw","82.7586206897","1","[nonword_response]","434"
"","","","","","0","second","","","","","","","","","","hlaf","nw","83.0508474576","1","[nonword_response]","416"
"10","3.13","4.87","1.21","349.78","2","craggy","1","6","4","Adjective","Noun","5","3","2","1","face","w","83.3333333333","1","[word_response]","339"
"10","2.7","2.67","2.43","107.25","2","rustic","1","6","5","Adjective","Noun","6","4","2","1","style","w","83.606557377","1","[word_response]","530"
"","","","","","0","systems","","","","","","","","","","acutal","nw","82.2580645161","0","[nonword_response]","438"
"0","","1.93","16.47","146.92","3","winds","27","5","6","Verb","Verb","","5","1","2","agreed","w","82.5396825397","1","[word_response]","565"
"508","2.71","4.9","73.75","57.39","1","credit","109","6","4","Noun","Noun","6","4","2","1","card","w","82.8125","1","[word_response]","488"
"10","1.44","2.38","480.9","304.1","2","really","505","6","4","Adverb","Adjective","4","4","2","2","able","w","83.0769230769","1","[word_response]","448"
"","","","","","0","craggy","","","","","","","","","","watse","nw","83.3333333333","1","[nonword_response]","608"
"10","1.71","3.03","462.28","98.07","2","always","567","6","6","Adverb","Verb","5","6","2","2","accept","w","83.5820895522","1","[word_response]","549"
"3624","3.9","4.14","162.55","151.14","1","date","92","4","5","Noun","Noun","3","5","1","2","award","w","83.8235294118","1","[word_response]","433"
"12","2.67","4","1.59","194.84","2","hoax","2","4","4","Noun","Verb","4","3","1","1","call","w","84.0579710145","1","[word_response]","402"
"","","","","","0","markup","","","","","","","","","","wrie","nw","84.2857142857","1","[nonword_response]","491"
"","","","","","0","oaken","","","","","","","","","","fiar","nw","84.5070422535","1","[nonword_response]","580"
"10","3.93","3.33","432.84","257.48","2","case","237","4","5","Noun","Preposition","3","4","1","2","above","w","83.3333333333","0","[word_response]","506"
"","","","","","0","armed","","","","","","","","","","focres","nw","83.5616438356","1","[nonword_response]","521"
"1872","3.6","2.69","47.98","117.75","1","armed","40","5","6","Adjective","Noun","4","6","1","2","forces","w","83.7837837838","1","[word_response]","327"
"0","","1.76","3.98","4","3","geese","4","5","4","Noun","Noun","","","1","1","wits","w","82.6666666667","0","[word_response]","443"
"","","","","","0","vexes","","","","","","","","","","lanugage","nw","81.5789473684","0","[nonword_response]","443"
"","","","","","0","local","","","","","","","","","","chidlren","nw","81.8181818182","1","[nonword_response]","631"
"10","4.04","3.18","0.82","64.07","2","slush","1","5","4","Noun","Noun","4","4","1","1","fund","w","82.0512820513","1","[word_response]","458"
"","","","","","0","wide","","","","","","","","","","ragne","nw","82.2784810127","1","[nonword_response]","550"
"573","4.48","3.72","85.88","52.44","1","cash","134","4","4","Noun","Noun","3","3","1","1","flow","w","82.5","1","[word_response]","445"
"0","2.83","2.41","5.09","114.69","3","briskly","8","7","5","Adjective","Verb","","3","2","2","allow","w","82.7160493827","1","[word_response]","481"
"0","3.54","1.68","0.19","198.34","3","oaken","#N/A","5","5","Adjective","Determiner","","3","2","1","whose","w","82.9268292683","1","[word_response]","455"
"","","","","","0","winds","","","","","","","","","","acitve","nw","83.1325301205","1","[nonword_response]","624"
"","","","","","0","enforced","","","","","","","","","","fvie","nw","83.3333333333","1","[nonword_response]","473"
"551","4.44","4.07","81.97","124.94","1","shot","74","4","4","Noun","Adjective","3","3","1","1","dead","w","83.5294117647","1","[word_response]","451"
"","","","","","0","stippled ","","","","","","","","","","fcae","nw","83.7209302326","1","[nonword_response]","456"
"599","2.86","4.79","44.9","232.47","1","inner","65","5","4","Adjective","Noun","3","4","2","2","city","w","83.908045977","1","[word_response]","450"
"","","","","","0","rethinks","","","","","","","","","","acecpt","nw","82.9545454545","0","[nonword_response]","396"
"","","","","","0","puck","","","","","","","","","","tiems","nw","83.1460674157","1","[nonword_response]","536"
"11","4.5","2.39","0.6","92.1","2","puck","1","4","4","Noun","Adjective","3","3","1","1","fair","w","83.3333333333","1","[word_response]","424"
"","","","","","0","time","","","","","","","","","","amry","nw","83.5164835165","1","[nonword_response]","556"
"","","","","","0","briskly","","","","","","","","","","albe","nw","83.6956521739","1","[nonword_response]","436"
"","","","","","0","cycle","","","","","","","","","","fnud","nw","83.8709677419","1","[nonword_response]","507"
"0","1.64","4.56","52.8","1.41","3","faith","49","5","4","Noun","Noun","","","1","1","rink","w","84.0425531915","1","[word_response]","397"
"0","4.64","4.8","190.4","189.92","3","building","177","8","4","Noun","Noun","6","3","2","1","food","w","84.2105263158","1","[word_response]","477"
"","","","","","0","slush","","","","","","","","","","pratcice","nw","84.375","1","[nonword_response]","542"
"","","","","","0","secret","","","","","","","","","","whsoe","nw","84.5360824742","1","[nonword_response]","373"
"10","2.62","2.86","16.48","220.99","2","hostile","19","7","6","Adjective","Noun","6","5","2","2","action","w","84.693877551","1","[word_response]","428"
"243","3.07","2.89","36.05","129.82","1","rapid","53","5","6","Adjective","Noun","5","4","2","1","growth","w","84.8484848485","1","[word_response]","374"
"14","3.68","4.8","2.15","189.92","2","canned","3","6","4","Adjective","Noun","4","3","1","1","food","w","85","1","[word_response]","408"
"","","","","","0","funny","","","","","","","","","","adlut","nw","85.1485148515","1","[nonword_response]","582"
"452","3.5","3.52","12.85","25.43","1","ozone","14","5","5","Noun","Noun","4","3","2","2","layer","w","85.2941176471","1","[word_response]","546"
"","","","","","0","coiled","","","","","","","","","","shrot","nw","85.4368932039","1","[nonword_response]","478"
"","","","","","0","bile","","","","","","","","","","ptah","nw","85.5769230769","1","[nonword_response]","442"
"461","1.64","2.52","807.95","171.14","1","good","850","4","8","Adjective","Noun","3","7","1","2","practice","w","85.7142857143","1","[word_response]","471"
"0","3.28","4.14","0.11","1.03","3","lifer ","#N/A","6","4","Noun","Verb","","","2","1","hugs","w","85.8490566038","1","[word_response]","568"
"305","3.81","4.75","22.47","196.14","1","fleet","25","5","6","Noun","Noun","4","5","1","1","street","w","85.9813084112","1","[word_response]","431"
"10","2.77","2.7","356.72","59.67","2","less","479","4","6","Adverb","Adjective","3","5","1","2","afraid","w","86.1111111111","1","[word_response]","517"
"","","","","","0","way","","","","","","","","","","agere","nw","86.2385321101","1","[nonword_response]","482"
"13","3.74","4.8","1.9","115.56","2","pelvic","4","6","5","Adjective","Noun","6","4","2","1","floor","w","86.3636363636","1","[word_response]","356"
"0","2.34","2.31","962.8","81.81","3","way","263","3","5","Adverb","Verb","","4","1","2","agree","w","86.4864864865","1","[word_response]","434"
"0","3","2.04","141.09","195.48","3","meet","112","4","4","Verb","Verb","","3","1","1","gone","w","86.6071428571","1","[word_response]","437"
"0","4.04","2.5","6.46","190.6","3","oval","9","4","7","Adjective","Noun","","3","2","1","hipster","w","86.7256637168","1","[word_response]","613"
"17","3.27","4.64","1.46","165.65","2","larval","3","6","5","Adjective","Noun","6","4","2","1","stage","w","86.8421052632","1","[word_response]","436"
"4525","2.18","2","4736.93","354.73","1","have","1900","4","4","Verb","Verb","3","3","1","1","done","w","86.9565217391","1","[word_response]","358"
"","","","","","0","canned","","","","","","","","","","aggs","nw","86.2068965517","0","[nonword_response]","390"
"187","3.62","4.7","12.78","114.41","1","eighth","21","6","4","Number","Noun","2","4","1","2","army","w","86.3247863248","1","[word_response]","458"
"","","","","","0","eighth","","","","","","","","","","atcion","nw","86.4406779661","1","[nonword_response]","572"
"","","","","","0","pelvic","","","","","","","","","","strete","nw","86.5546218487","1","[nonword_response]","465"
"","","","","","0","tides","","","","","","","","","","muave","nw","86.6666666667","1","[nonword_response]","472"
"0","3.7","4.69","15.35","0.51","3","reaches","16","7","6","Verb","Noun","","","2","2","timers","w","86.7768595041","1","[word_response]","431"
"","","","","","0","drubs","","","","","","","","","","nugde","nw","86.8852459016","1","[nonword_response]","486"
"2083","3.34","4.89","2609.19","466.08","1","their","3442","5","8","Pronoun","Noun","3","7","1","2","children","w","86.9918699187","1","[word_response]","459"
"12","3","3.21","0.78","67.12","2","darn","1","4","5","Adjective","Noun","4","3","1","1","sight","w","87.0967741935","1","[word_response]","575"
"","","","","","0","give","","","","","","","","","","langugae","nw","86.4","0","[nonword_response]","469"
"","","","","","0","rugby","","","","","","","","","","stgae","nw","86.5079365079","1","[nonword_response]","537"
"","","","","","0","large","","","","","","","","","","wtis","nw","86.6141732283","1","[nonword_response]","440"
"311","2.5","2.07","158.58","299.1","1","recent","203","6","5","Adjective","Noun","6","4","2","1","times","w","86.71875","1","[word_response]","493"
"11","2.83","2.57","451.17","50.4","2","give","248","4","7","Verb","Noun","3","6","1","2","advance","w","86.8217054264","1","[word_response]","414"
"","","","","","0","recede","","","","","","","","","","scoks","nw","86.9230769231","1","[nonword_response]","517"
"","","","","","0","oval","","","","","","","","","","hispter","nw","86.2595419847","0","[nonword_response]","608"
"","","","","","0","fart","","","","","","","","","","ocurse","nw","86.3636363636","1","[nonword_response]","529"
"0","3.25","3.2","737.78","191.09","3","year","343","4","7","Noun","Noun","","6","1","2","hundred","w","86.4661654135","1","[word_response]","469"
"","","","","","0","rapid","","","","","","","","","","sprnig","nw","86.5671641791","1","[nonword_response]","472"
"0","","3.03","0.14","4.94","3","gimlet","#N/A","6","6","Noun","Verb","","","2","2","coding","w","86.6666666667","1","[word_response]","425"
"198","2.5","3.17","44.9","352.11","1","funny","62","5","5","Adjective","Noun","4","3","2","1","thing","w","86.7647058824","1","[word_response]","398"
"13","3.83","3.89","1.94","59.83","2","coiled","1","6","6","Verb","Noun","4","5","1","2","spring","w","86.8613138686","1","[word_response]","337"
"","","","","","0","snuffles","","","","","","","","","","moedl","nw","86.9565217391","1","[nonword_response]","453"
"","","","","","0","reaches","","","","","","","","","","timesr","nw","87.0503597122","1","[nonword_response]","484"
"0","2.5","2.03","0.18","199.64","3","berate","#N/A","6","8","Verb","Verb","","7","2","2","involved","w","87.1428571429","1","[word_response]","413"
"13","3.93","4.41","2.2","62.51","2","glide","1","5","4","Verb","Noun","4","3","1","1","path","w","87.2340425532","1","[word_response]","397"
"0","","4.47","0.01","1.53","3","drubs","#N/A","5","5","Verb","Verb","","","1","1","nudge","w","87.323943662","1","[word_response]","414"
"","","","","","0","chow","","","","","","","","","","trdae","nw","87.4125874126","1","[nonword_response]","390"
"","","","","","0","darn","","","","","","","","","","agered","nw","87.5","1","[nonword_response]","525"
"0","","4","1.93","194.84","3","chilli","5","6","4","Noun","Verb","","3","2","1","call","w","87.5862068966","1","[word_response]","381"
"","","","","","0","people","","","","","","","","","","numebr","nw","87.6712328767","1","[nonword_response]","466"
"","","","","","0","acid","","","","","","","","","","adedd","nw","87.7551020408","1","[nonword_response]","488"
"10","3.37","4.4","337.71","50.78","2","large","468","5","5","Adjective","Noun","4","5","1","2","adult","w","87.8378378378","1","[word_response]","376"
"","","","","","0","good","","","","","","","","","","adavnce","nw","87.9194630872","1","[nonword_response]","560"
"","","","","","0","want","","","","","","","","","","scayl","nw","88","1","[nonword_response]","376"
"428","4.33","3.38","34.45","176.07","1","rugby","39","5","5","Noun","Noun","5","6","2","2","union","w","88.0794701987","1","[word_response]","402"
"","","","","","0","ski","","","","","","","","","","aicrraft","nw","88.1578947368","1","[nonword_response]","463"
"","","","","","0","year","","","","","","","","","","hunderd","nw","87.5816993464","0","[nonword_response]","422"
"","","","","","0","glide","","","","","","","","","","dorop","nw","87.6623376623","1","[nonword_response]","481"
"","","","","","0","less","","","","","","","","","","fuond","nw","87.7419354839","1","[nonword_response]","480"
"234","4.46","4.25","11.83","49.68","1","bile","17","4","4","Noun","Noun","3","4","1","2","acid","w","87.8205128205","1","[word_response]","551"
"10","4.82","2.29","1241.58","67.68","2","people","679","6","7","Noun","Verb","5","4","2","2","achieve","w","87.2611464968","0","[word_response]","439"
"","","","","","0","lifer ","","","","","","","","","","hgus","nw","87.3417721519","1","[nonword_response]","434"
"207","3.81","4.72","2.9","22.69","1","barbed","1","6","4","Adjective","Noun","5","3","1","1","wire","w","87.4213836478","1","[word_response]","364"
"","","","","","0","ozone","","","","","","","","","","acheive","nw","87.5","1","[nonword_response]","417"
"","","","","","0","berate","","","","","","","","","","ivnolved","nw","87.5776397516","1","[nonword_response]","543"
"","","","","","0","fifty","","","","","","","","","","afarid","nw","87.6543209877","1","[nonword_response]","508"
"","","","","","0","their","","","","","","","","","","fodo","nw","87.7300613497","1","[nonword_response]","494"
"0","4.1","4","3.95","2.22","3","tides","4","5","5","Noun","Adjective","","","1","1","mauve","w","87.1951219512","0","[word_response]","431"
"","","","","","0","larval","","","","","","","","","","ofod","nw","87.2727272727","1","[nonword_response]","501"
"","","","","","0","barbed","","","","","","","","","","folor","nw","87.3493975904","1","[nonword_response]","413"
"255","3.13","3.24","12.2","67.62","1","toxic","20","5","5","Adjective","Verb","6","4","2","1","waste","w","87.4251497006","1","[word_response]","505"
"","","","","","0","gimlet","","","","","","","","","","coidng","nw","87.5","1","[nonword_response]","507"
"0","4.63","4.4","8.91","62.03","3","ski","17","3","8","Verb","Noun","","7","1","2","aircraft","w","87.573964497","1","[word_response]","503"
"0","2.82","4.53","0.12","133.35","3","snuffles","#N/A","8","5","Verb","Noun","","","2","2","model","w","87.6470588235","1","[word_response]","444"
"","","","","","0","toxic","","","","","","","","","","tset","nw","87.7192982456","1","[nonword_response]","361"
"","","","","","0","fleet","","","","","","","","","","adivce","nw","87.2093023256","0","[nonword_response]","408"
"","","","","","0","hostile","","","","","","","","","","rnik","nw","87.2832369942","1","[nonword_response]","371"
"437","4.25","4.97","49.68","65.17","1","acid","70","4","4","Noun","Noun","4","3","2","1","rain","w","87.3563218391","1","[word_response]","385"
"","","","","","0","meet","","","","","","","","","","ogne","nw","87.4285714286","1","[nonword_response]","314"
"381","3.48","3.87","85.82","407.39","1","fifty","78","5","4","Number","Number","5","3","2","1","five","w","87.5","1","[word_response]","527"
"10","1.93","2.73","575.47","104.37","2","want","139","4","6","Verb","Noun","4","5","1","2","advice","w","87.5706214689","1","[word_response]","478"
"10","2.36","2.74","123.84","153.75","2","quickly","129","7","5","Adverb","Verb","6","4","2","2","added","w","87.6404494382","1","[word_response]","413"
"","","","","","0","recent","","","","","","","","","","adrdess","nw","87.7094972067","1","[nonword_response]","382"
"0","4.18","3.82","1.04","196.94","3","fart","#N/A","4","6","Verb","Adverb","","4","1","1","course","w","87.7777777778","1","[word_response]","401"
"10","2.19","3.89","57.65","70.36","2","secret","69","6","7","Noun","Noun","6","5","2","2","address","w","87.8453038674","1","[word_response]","386"
"","","","","","0","chilli","","","","","","","","","","acll","nw","87.9120879121","1","[nonword_response]","314"
"0","3.04","4.91","0.85","9.91","3","recede","#N/A","6","5","Verb","Noun","","","2","1","socks","w","87.9781420765","1","[word_response]","375"
"","","","","","0","have","","","","","","","","","","sihgt","nw","88.0434782609","1","[nonword_response]","421"
"14","4.47","3.93","0.67","137.01","2","chow","1","4","4","Noun","Noun","2","4","1","1","test","w","88.1081081081","1","[word_response]","476"
"","","","","","0","quickly","","","","","","","","","","allwo","nw","88.1720430108","1","[nonword_response]","439"
"12","1.72","2.52","2.79","9.85","5","downright","2","9","4","Adverb","Adjective","6","3","2","1","rude","w","88.2352941176","1","[word_response]","432"
"","","","","","0","hodiernal ","","","","","","","","","","aronud","n","87.7659574468","0","[nonword_response]","446"
"0","3.46","4.9","","7.1","6","canorous","#N/A","8","4","Adjective","Noun","","","3","2","pony","w","87.8306878307","1","[word_response]","515"
"","","","","","0","strict","","","","","","","","","","campiagn","n","87.3684210526","0","[nonword_response]","514"
"21","3.46","4.85","0.56","297.06","5","beady","2","5","4","Adjective","Noun","4","2","2","1","eyes","w","87.4345549738","1","[word_response]","467"
"","","","","","0","should","","","","","","","","","","baer","n","87.5","1","[nonword_response]","428"
"1071","1.12","3.13","2551.98","109.14","4","would","1036","5","6","Verb","Verb","3","4","1","2","appear","w","87.5647668394","1","[word_response]","559"
"","","","","","0","little","","","","","","","","","","bbay","n","87.6288659794","1","[nonword_response]","466"
"","","","","","0","effable","","","","","","","","","","chesee","n","87.1794871795","0","[nonword_response]","377"
"12","2.96","4.61","2.76","75","5","shady","1","5","6","Adjective","Noun","4","5","2","2","corner","w","87.2448979592","1","[word_response]","684"
"12","4.31","2.94","1.52","446.74","5","sweeper","1","7","6","Noun","Noun","5","6","2","2","system","w","87.3096446701","1","[word_response]","495"
"","","","","","0","septic","","","","","","","","","","ekep","n","87.3737373737","1","[nonword_response]","476"
"10","4.19","4.7","1.03","25.89","5","curd","1","4","6","Noun","Noun","3","3","1","1","cheese","w","87.4371859296","1","[word_response]","420"
"","","","","","0","they","","","","","","","","","","baet","n","87.5","1","[nonword_response]","428"
"","","","","","0","gilded","","","","","","","","","","objetc","n","87.5621890547","1","[nonword_response]","501"
"10","3.9","4.96","0.96","9.85","5","snare","1","5","4","Noun","Noun","4","4","1","1","drum","w","87.6237623762","1","[word_response]","412"
"","","","","","0","cadged","","","","","","","","","","takn","n","87.684729064","1","[nonword_response]","432"
"117","2.64","1.73","2545.66","110.02","4","will","1128","4","6","Verb","Noun","3","4","1","2","appeal","w","87.7450980392","1","[word_response]","563"
"0","","3.11","","52.68","6","hodiernal ","#N/A","10","4","Adjective","Noun","","","1","1","lies","w","87.8048780488","1","[word_response]","493"
"","","","","","0","inunct","","","","","","","","","","rdue","n","87.8640776699","1","[nonword_response]","468"
"186","2.79","2.38","720.77","228.64","4","even","541","4","5","Adverb","Preposition","4","4","2","2","among","w","87.922705314","1","[word_response]","447"
"","","","","","0","blotter","","","","","","","","","","sesne","n","87.9807692308","1","[nonword_response]","437"
"","","","","","0","behave ","","","","","","","","","","suop","n","88.038277512","1","[nonword_response]","530"
"125","1.53","4.88","1112.37","57.99","4","should","564","6","4","Verb","Noun","3","3","1","1","bear","w","88.0952380952","1","[word_response]","388"
"","","","","","0","canorous","","","","","","","","","","corenr","n","88.1516587678","1","[nonword_response]","473"
"0","","3.52","","391.12","6","fipple","#N/A","6","5","Noun","Noun","","4","2","1","state","w","88.2075471698","1","[word_response]","394"
"","","","","","0","plate","","","","","","","","","","cgae","n","88.2629107981","1","[nonword_response]","423"
"600","1.48","1.66","3228.32","315.88","4","were","2752","4","6","Verb","Adverb","2","6","1","2","almost","w","88.3177570093","1","[word_response]","365"
"","","","","","0","panics","","","","","","","","","","gruop","n","88.3720930233","1","[nonword_response]","443"
"0","","4.15","0.07","5.16","6","cadged","#N/A","6","4","Verb","Adjective","","","1","1","limp","w","88.4259259259","1","[word_response]","383"
"","","","","","0","abaya","","","","","","","","","","pian","n","88.0184331797","0","[nonword_response]","346"
"","","","","","0","this","","","","","","","","","","anicent","n","87.6146788991","0","[nonword_response]","608"
"0","","4.11","","2.14","6","deedy","#N/A","5","6","Adjective","Verb","","","2","1","scroll","w","87.6712328767","1","[word_response]","556"
"","","","","","0","shitty","","","","","","","","","","durm","n","87.7272727273","1","[nonword_response]","477"
"","","","","","0","loony","","","","","","","","","","numebr","n","87.7828054299","1","[nonword_response]","516"
"","","","","","0","musty","","","","","","","","","","mahcine","n","87.8378378378","1","[nonword_response]","566"
"","","","","","0","would","","","","","","","","","","appaer","n","87.8923766816","1","[nonword_response]","487"
"10","4.04","4.12","0.88","415.47","5","polyp","1","5","5","Noun","Noun","5","4","2","1","group","w","87.9464285714","1","[word_response]","455"
"","","","","","0","miaow","","","","","","","","","","semll","n","88","1","[nonword_response]","466"
"67","2.76","1.78","1187","81.54","4","first","1261","5","6","Number","Adjective","4","6","1","3","annual","w","88.0530973451","1","[word_response]","461"
"19","3.74","4.8","0.91","33.24","5","septic","2","6","4","Adjective","Noun","6","4","2","1","tank","w","88.1057268722","1","[word_response]","413"
"0","","4.75","","379.06","6","benthos","#N/A","7","4","Noun","Noun","","3","2","1","head","w","88.1578947368","1","[word_response]","506"
"0","","3.39","0.24","402.74","6","miaow","#N/A","5","5","Noun","Noun","","4","2","1","point","w","88.2096069869","1","[word_response]","420"
"","","","","","0","benthos","","","","","","","","","","letf","n","88.2608695652","1","[nonword_response]","507"
"35","2","3.3","6520.5","493.85","4","with","4777","4","6","Preposition","Noun","3","5","1","2","number","w","88.3116883117","1","[word_response]","438"
"11","3.43","4.7","1.28","4.87","5","volt","1","4","5","Noun","Noun","4","4","1","2","meter","w","87.9310344828","0","[word_response]","506"
"0","3.83","4.12","0.55","415.47","6","blotter","#N/A","7","5","Noun","Noun","","4","2","1","group","w","87.982832618","1","[word_response]","406"
"","","","","","0","that","","","","","","","","","","palce","n","88.0341880342","1","[nonword_response]","474"
"375","1.85","2.14","471.72","193.35","4","came","171","4","5","Verb","Adverb","3","4","1","2","along","w","88.085106383","1","[word_response]","420"
"","","","","","0","beady","","","","","","","","","","insdie","n","88.1355932203","1","[nonword_response]","502"
"367","1.54","3.48","11153.82","486.51","4","that","5217","4","5","Determiner","Noun","3","4","1","1","place","w","88.1856540084","1","[word_response]","490"
"","","","","","0","snare","","","","","","","","","","ahppen","n","88.2352941176","1","[nonword_response]","428"
"10","4.48","4.72","0.32","13.53","5","lentil","1","6","4","Noun","Noun","6","3","2","1","soup","w","88.2845188285","1","[word_response]","367"
"0","","3.79","","59.57","6","effable","#N/A","7","4","Adjective","Noun","","","2","1","heat","w","88.3333333333","1","[word_response]","508"
"84","2.14","2.04","4632.4","50.83","4","this","2909","4","7","Determiner","Adjective","3","6","1","2","ancient","w","88.3817427386","1","[word_response]","589"
"34","2.15","3.7","1.51","470.89","5","loony","1","5","4","Adjective","Verb","4","4","2","1","left","w","88.4297520661","1","[word_response]","496"
"","","","","","0","fipple","","","","","","","","","","ssytem","n","88.4773662551","1","[nonword_response]","415"
"","","","","","0","glabrous","","","","","","","","","","eeys","n","88.5245901639","1","[nonword_response]","428"
"768","1.68","2.74","216.31","154.29","4","certain","300","7","6","Adjective","Noun","5","5","2","2","amount","w","88.5714285714","1","[word_response]","394"
"","","","","","0","downright","","","","","","","","","","nealry","n","88.6178861789","1","[nonword_response]","541"
"","","","","","0","will","","","","","","","","","","appael","n","88.6639676113","1","[nonword_response]","489"
"0","","3.07","","4.75","6","abaya","#N/A","5","6","Noun","Verb","","","3","2","digest","w","88.7096774194","1","[word_response]","466"
"","","","","","0","shady","","","","","","","","","","depe","n","88.7550200803","1","[nonword_response]","356"
"0","2.58","4.52","0.73","365.29","6","shitty","#N/A","6","5","Adjective","Noun","","3","2","1","night","w","88.8","1","[word_response]","480"
"64","2.72","2.61","20.69","219.35","5","strict","38","6","5","Adjective","Noun","6","4","1","1","sense","w","88.8446215139","1","[word_response]","529"
"","","","","","0","research","","","","","","","","","","alnog","n","88.8888888889","1","[nonword_response]","435"
"","","","","","0","first","","","","","","","","","","anunal","n","88.5375494071","0","[nonword_response]","601"
"0","","2.6","","11.5","6","inunct","#N/A","6","4","Verb","Noun","","","2","1","gall","w","88.188976378","0","[word_response]","699"
"","","","","","0","sweeper","","","","","","","","","","gian","n","88.2352941176","1","[nonword_response]","475"
"16","3.07","3.7","1.41","37.55","5","musty","2","5","5","Adjective","Verb","5","4","2","1","smell","w","88.28125","1","[word_response]","446"
"72","3.44","1.96","1.27","452.86","5","revolve","1","7","6","Verb","Adverb","6","3","2","2","around","w","88.326848249","1","[word_response]","470"
"","","","","","0","with","","","","","","","","","","nubmer","n","88.3720930233","1","[nonword_response]","569"
"73","3.67","5","481.01","90.7","4","little","828","6","4","Adjective","Noun","5","4","2","2","baby","w","88.416988417","1","[word_response]","533"
"0","1.78","4.71","17.49","38.21","6","behave ","#N/A","7","3","Verb","Noun","","","2","1","pub","w","88.4615384615","1","[word_response]","537"
"0","3.04","4.82","0.56","36.78","6","panics","#N/A","6","5","Verb","Noun","","","2","1","yards","w","88.5057471264","1","[word_response]","440"
"","","","","","0","revolve","","","","","","","","","","lakc","n","88.5496183206","1","[nonword_response]","441"
"","","","","","0","curd","","","","","","","","","","failrue","n","88.5931558935","1","[nonword_response]","519"
"12","3.57","5","2.89","10.21","5","gilded","2","6","4","Adjective","Noun","6","3","2","1","cage","w","88.2575757576","0","[word_response]","444"
"256","2.37","2.89","1383.37","144.21","4","your","1871","4","6","Pronoun","Verb","3","4","1","2","answer","w","88.3018867925","1","[word_response]","451"
"","","","","","0","even","","","","","","","","","","aomng","n","88.3458646617","1","[nonword_response]","475"
"","","","","","0","deedy","","","","","","","","","","meetr","n","88.3895131086","1","[nonword_response]","445"
"","","","","","0","cell","","","","","","","","","","swtich","n","88.4328358209","1","[nonword_response]","517"
"","","","","","0","polyp","","","","","","","","","","egiht","n","88.4758364312","1","[nonword_response]","469"
"","","","","","0","your","","","","","","","","","","anwser","n","88.1481481481","0","[nonword_response]","499"
"","","","","","0","lentil","","","","","","","","","","alnoe","n","88.1918819188","1","[nonword_response]","414"
"","","","","","0","volt","","","","","","","","","","deifned","n","88.2352941176","1","[nonword_response]","422"
"226","2.93","3.97","4334.75","56.75","4","they","1616","4","4","Pronoun","Verb","2","3","1","1","beat","w","88.2783882784","1","[word_response]","547"
"0","","3.86","","4.68","6","glabrous","#N/A","8","4","Adjective","Verb","","","2","1","tuck","w","88.3211678832","1","[word_response]","619"
"47","2.07","3.66","182.49","63.25","4","common","269","6","6","Adjective","Noun","5","6","2","2","object","w","88.3636363636","1","[word_response]","516"
"","","","","","0","certain","","","","","","","","","","amuont","n","88.4057971014","1","[nonword_response]","488"
"","","","","","0","ratite","","","","","","","","","","cirsp","nw","88.4476534296","1","[nonword_response]","457"
"12","3.48","1.81","0.43","452.17","5","whacking","1","8","5","Verb","Adjective","5","4","2","1","great","w","88.4892086331","1","[word_response]","463"
"47","2.07","3.66","182.49","63.25","4","common","269","6","6","Adjective","Noun","5","6","2","2","object","w","88.5304659498","1","[word_response]","588"
"71","3.93","4.81","1.43","77.92","5","carat","1","5","4","Noun","Noun","5","4","2","1","gold","w","88.5714285714","1","[word_response]","391"
"","","","","","0","ghostly","","","","","","","","","","lmip","nw","88.6120996441","1","[nonword_response]","454"
"0","","3.39","","7.58","6","uniped","#N/A","6","4","Noun","Noun","","","3","1","dash","w","88.6524822695","1","[word_response]","463"
"","","","","","0","cadence","","","","","","","","","","nihgt","nw","88.6925795053","1","[nonword_response]","523"
"","","","","","0","hallowed","","","","","","","","","","agll","nw","88.7323943662","1","[nonword_response]","441"
"","","","","","0","research","","","","","","","","","","swtich","nw","88.7719298246","1","[nonword_response]","551"
"","","","","","0","panurgic","","","","","","","","","","satb","nw","88.8111888112","1","[nonword_response]","483"
"","","","","","0","croquet","","","","","","","","","","pbu","nw","88.850174216","1","[nonword_response]","478"
"48","2.83","4.25","298.35","89.38","4","support","208","7","7","Noun","Noun","6","5","2","2","machine","w","88.8888888889","1","[word_response]","546"
"0","","4.07","","4.28","6","panurgic","#N/A","8","4","Adjective","Noun","","","3","1","stab","w","88.5813148789","0","[word_response]","458"
"0","","4.61","","1.96","6","logomachy","#N/A","9","4","Noun","Noun","","","4","1","soot","w","88.275862069","0","[word_response]","520"
"239","3.04","2.86","160.08","132.65","4","living","154","6","5","Verb","Adjective","5","4","2","2","alone","w","88.3161512027","1","[word_response]","556"
"151","2.64","2.24","2545.66","52.18","4","will","1128","4","4","Verb","Verb","3","3","1","1","gain","w","88.3561643836","1","[word_response]","552"
"","","","","","0","crotch","","","","","","","","","","sewnig","nw","88.3959044369","1","[nonword_response]","601"
"","","","","","0","clearly","","","","","","","","","","graet","nw","88.4353741497","1","[nonword_response]","479"
"","","","","","0","zoolatry","","","","","","","","","","buisness","nw","88.4745762712","1","[nonword_response]","789"
"","","","","","0","musket","","","","","","","","","","leis","nw","88.5135135135","1","[nonword_response]","447"
"","","","","","0","just","","","","","","","","","","deisgn","nw","88.5521885522","1","[nonword_response]","575"
"0","","3.28","","357.58","6","zoolatry","#N/A","8","8","Noun","Noun","","6","3","2","business","w","88.5906040268","1","[word_response]","471"
"190","1.52","3.67","1295.5","143.09","4","just","895","4","6","Adverb","Adverb","4","5","1","2","inside","w","88.6287625418","1","[word_response]","499"
"","","","","","0","very","","","","","","","","","","braed","nw","88.6666666667","1","[nonword_response]","445"
"","","","","","0","dimmer","","","","","","","","","","digets","nw","88.7043189369","1","[nonword_response]","462"
"","","","","","0","thurifer","","","","","","","","","","blie","nw","88.7417218543","1","[nonword_response]","414"
"","","","","","0","martlet","","","","","","","","","","perss","nw","88.7788778878","1","[nonword_response]","547"
"","","","","","0","total","","","","","","","","","","figrue","nw","88.8157894737","1","[nonword_response]","519"
"49","2.33","3.48","0.99","236.98","5","lagging","1","7","6","Verb","Preposition","5","6","2","2","behind","w","88.8524590164","1","[word_response]","509"
"11","4.59","3.78","1.43","164.65","5","croquet","1","7","4","Noun","Noun","5","4","2","1","club","w","88.8888888889","1","[word_response]","445"
"","","","","","0","crusty","","","","","","","","","","haed","nw","88.9250814332","1","[nonword_response]","418"
"","","","","","0","logomachy","","","","","","","","","","soto","nw","88.961038961","1","[nonword_response]","430"
"","","","","","0","heart","","","","","","","","","","behnid","nw","88.996763754","1","[nonword_response]","415"
"","","","","","0","about","","","","","","","","","","nsoe","nw","89.0322580645","1","[nonword_response]","391"
"0","4.77","4.4","0.72","6.06","6","crotch","#N/A","6","6","Noun","Noun","","","1","2","sewing","w","89.0675241158","1","[word_response]","518"
"","","","","","0","uniped","","","","","","","","","","dsah","nw","89.1025641026","1","[nonword_response]","445"
"11","1.86","4.77","1.32","162","5","hallowed","1","8","6","Adjective","Noun","5","5","2","1","ground","w","89.1373801917","1","[word_response]","413"
"","","","","","0","whacking","","","","","","","","","","pnoy","nw","89.1719745223","1","[nonword_response]","463"
"0","","3.69","","7.98","6","ratite","#N/A","6","5","Adjective","Adjective","","","2","1","crisp","w","89.2063492063","1","[word_response]","406"
"","","","","","0","solander","","","","","","","","","","darw","nw","89.2405063291","1","[nonword_response]","496"
"10","2.7","3.27","0.52","129.39","5","cadence","1","7","6","Noun","Noun","6","5","2","2","design","w","89.2744479495","1","[word_response]","425"
"","","","","","0","nacarat","","","","","","","","","","salst","nw","89.3081761006","1","[nonword_response]","444"
"146","1.43","3.38","1230.87","107","4","very","987","4","4","Adverb","Adjective","4","3","2","1","deep","w","89.34169279","1","[word_response]","499"
"","","","","","0","sickle","","","","","","","","","","sttae","nw","89.375","1","[nonword_response]","425"
"11","1.97","3.63","2.6","176.13","5","ghostly","1","7","6","Adjective","Verb","6","5","2","2","figure","w","89.4080996885","1","[word_response]","461"
"","","","","","0","jumentous","","","","","","","","","","tiol","nw","89.4409937888","1","[nonword_response]","505"
"50","3","1.89","117.84","114.94","4","spent","100","5","6","Verb","Adverb","5","5","1","2","nearly","w","89.4736842105","1","[word_response]","475"
"","","","","","0","support","","","","","","","","","","frie","nw","89.5061728395","1","[nonword_response]","391"
"","","","","","0","labarum","","","","","","","","","","arae","nw","89.5384615385","1","[nonword_response]","419"
"","","","","","0","will","","","","","","","","","","pltae","nw","89.5705521472","1","[nonword_response]","356"
"","","","","","0","from","","","","","","","","","","godl","nw","89.6024464832","1","[nonword_response]","483"
"0","","3.89","","11.71","6","omophagy","#N/A","8","4","Verb","Noun","","","4","1","sigh","w","89.6341463415","1","[word_response]","437"
"10","3.69","1.8","1.09","233.61","5","marbled","1","7","6","Adjective","Noun","7","5","2","2","effect","w","89.3617021277","0","[word_response]","350"
"","","","","","0","carat","","","","","","","","","","gruop","nw","89.3939393939","1","[nonword_response]","389"
"84","4.88","4.44","1.65","55.18","5","sickle","1","6","4","Noun","Noun","5","3","2","1","cell","w","89.4259818731","1","[word_response]","530"
"0","","3.9","","131.15","6","martlet","#N/A","7","5","Noun","Noun","","","2","1","press","w","89.4578313253","1","[word_response]","470"
"363","2.04","2.07","153.49","58.98","4","clearly","215","7","7","Adverb","Verb","6","6","2","2","defined","w","89.4894894895","1","[word_response]","580"
"107","4.52","2.08","137.32","77.63","4","heart","120","5","7","Noun","Noun","4","5","1","2","failure","w","89.5209580838","1","[word_response]","569"
"0","","4.89","","4.06","6","nacarat","#N/A","7","5","Adjective","Noun","","","3","1","salts","w","89.552238806","1","[word_response]","473"
"37","4.14","4.92","1.46","37.7","5","crusty","1","6","5","Adjective","Noun","6","4","2","1","bread","w","89.5833333333","1","[word_response]","452"
"0","","4.46","","11.83","6","thurifer","#N/A","8","4","Noun","Noun","","","3","1","bile","w","89.3175074184","0","[word_response]","586"
"","","","","","0","omophagy","","","","","","","","","","sihg","nw","89.349112426","1","[nonword_response]","467"
"33","3.12","4.89","0.92","43.37","5","runny","1","5","4","Adjective","Noun","4","3","2","1","nose","w","89.3805309735","1","[word_response]","315"
"80","2.8","2.04","175.68","100.68","4","total","261","5","4","Adjective","Noun","5","3","2","1","lack","w","89.4117647059","1","[word_response]","312"
"32","3.85","4.77","0.68","40.96","5","sinker","1","6","5","Noun","Noun","5","4","2","1","plate","w","89.4428152493","1","[word_response]","431"
"","","","","","0","lagging","","","","","","","","","","yrads","nw","89.4736842105","1","[nonword_response]","400"
"0","","2.67","","1.82","6","jumentous","#N/A","9","4","adjective","Noun","","","3","1","toil","w","89.5043731778","1","[word_response]","446"
"","","","","","0","spent","","","","","","","","","","godos","nw","89.5348837209","1","[nonword_response]","459"
"11","4.67","4.68","0.6","141.04","5","musket","1","6","4","Noun","Noun","6","3","2","2","fire","w","89.5652173913","1","[word_response]","394"
"0","","3.97","","73.98","6","solander","#N/A","8","4","Noun","Verb","","","3","1","draw","w","89.5953757225","1","[word_response]","363"
"","","","","","0","sinker","","","","","","","","","","haet","nw","89.3371757925","0","[nonword_response]","272"
"","","","","","0","living","","","","","","","","","","clel","nw","89.367816092","1","[nonword_response]","419"
"","","","","","0","could","","","","","","","","","","culb","nw","89.3982808023","1","[nonword_response]","462"
"","","","","","0","runny","","","","","","","","","","scorll","nw","89.4285714286","1","[nonword_response]","404"
"0","1.83","4.47","0.06","4.31","6","screwy","#N/A","6","4","Adjective","Noun","","","2","1","kits","w","89.1737891738","0","[word_response]","398"
"19","1.86","4.26","2.49","101.42","5","worldly","1","7","5","Adjective","Noun","6","4","2","1","goods","w","89.2045454545","1","[word_response]","374"
"","","","","","0","worldly","","","","","","","","","","piont","nw","89.2351274788","1","[nonword_response]","435"
"350","1.34","1.78","1683.92","87.6","4","could","790","5","6","Verb","Verb","3","5","1","2","happen","w","89.2655367232","1","[word_response]","425"
"","","","","","0","marbled","","","","","","","","","","tcuk","nw","89.2957746479","1","[nonword_response]","391"
"11","3.46","4.07","0.73","33.16","5","dimmer","2","6","6","Noun","Verb","4","4","2","1","switch","w","89.3258426966","1","[word_response]","291"
"","","","","","0","screwy","","","","","","","","","","kist","nw","89.0756302521","0","[nonword_response]","393"
"22","1.84","3.3","4135.35","493.85","4","from","3081","4","6","Preposition","Noun","4","5","1","2","number","w","89.1061452514","1","[word_response]","378"
"","","","","","0","common","","","","","","","","","","gruond","nw","89.1364902507","1","[nonword_response]","459"
"","","","","","0","wanker","","","","","","","","","","aawy","nw","89.1666666667","1","[nonword_response]","628"
"230","2.13","2.37","725.71","278.13","4","must","448","4","4","Verb","Verb","4","3","1","1","keep","w","89.1966759003","1","[word_response]","362"
"37","3.03","3","269.92","95.18","4","research","284","8","8","Noun","Noun","5","6","2","2","campaign","w","89.226519337","1","[word_response]","367"
"0","","3.72","","351.44","6","labarum","#N/A","7","4","Noun","Noun","","4","3","3","area","w","89.2561983471","1","[word_response]","387"
"","","","","","0","must","","","","","","","","","","efefct","nw","89.2857142857","1","[nonword_response]","436"
"383","1.77","4.04","1971.16","173.09","4","about","1217","5","5","Preposition","Number","4","2","2","1","eight","w","89.3150684932","1","[word_response]","371"
"0","3.08","2.23","0.96","387.47","6","wanker","#N/A","6","4","Noun","Adverb","","3","2","2","away","w","89.3442622951","1","[word_response]","462"
